,actor,athlete,bartender,begger,chef,clerk,clown,coal mines person,commander,construction worker,cop,countryside person,delivery person,doctor,electrician,engineer,farmer,fashion model,firefighter,fisherman,fisherwoman,ghetto person,handyman,handywoman,hillibilly,hillibilly person,janitor,journalist,laborer,lawyer,mafia,mafia person,maid,mechanic,nurse,painter,pastor,physician,pilot,plumber,police officer,poor person,poverty stricken person,professor,rich person,rockstar,rural person,scientist,soldier,sports player,teacher,tennis player,thug,trash collector,umpire,urban person,waiter,waitress,wealthy person
actor,,4.110526896055079e-10,0.03579706089068196,4.6804676405117816e-12,1.7219523128416567e-19,1.597674595337985e-22,5.401979956601884e-35,2.222142173920074e-12,6.365012064231391e-20,0.0004161778423740901,3.2379582475684595e-18,3.2379582475684595e-18,1.942431421204639e-11,2.948040080352388e-31,5.66655385108369e-16,6.34832571289657e-08,7.498226687854699e-18,2.918183740846085e-14,6.534693110780772e-06,0.3892824385084038,0.03584698863967559,1.4083075765615237e-14,1.412139249530533e-20,6.0781317633449405e-31,8.229249294574263e-07,8.572212065593377e-23,4.6804676405117816e-12,6.365012064231391e-20,3.4440639257114695e-21,5.74205856164117e-19,0.08595732065122111,1.552082735614149e-12,5.66655385108369e-16,7.498226687854699e-18,5.5116343354616864e-17,5.745314366097744e-15,1.597674595337985e-22,0.0066704656153233205,0.054499117056665485,3.4440639257114695e-21,4.9521838955261775e-34,5.891848281072536e-14,1.676335370191874e-17,5.745314366097744e-15,6.431822504772723e-11,4.110526896055079e-10,0.002198536112136054,0.0001540543098104074,0.0287091393423483,5.66655385108369e-16,3.4440639257114695e-21,4.436984249801319e-06,1.5246503907403002e-25,5.8691370496834795e-24,3.4440639257114695e-21,4.1351865637802985e-40,3.464053285832152e-05,1.5405210968605243e-18,1.7002491643878026e-29
athlete,5.10657181723579e-29,,0.020293503957151276,0.0004714422363729831,1.9235770713967277e-07,0.012848194816201246,6.790585052714588e-17,1.9235770713967277e-07,0.0008760090981757986,0.15821705900029015,1.0995220718455541e-13,2.798739994860691e-08,0.010123469503069736,6.396703540316636e-15,0.016181919099236036,4.469068779834685e-05,0.020293503957151276,3.5693649021771314e-15,1.0179255897167257e-08,0.004965161236256167,0.353843205915987,0.11567789497489865,1.059552066837806e-13,1.775797211457952e-21,0.02626706987982387,2.0777780167872494e-14,0.282051949206315,1.799731893865707e-08,3.8512729512962697e-23,0.00012539555641429394,5.684910849999927e-05,6.144207575371776e-09,2.1749762946491625e-09,5.090257185692379e-25,7.454072660835893e-08,2.6259422591078326e-27,9.828149209702205e-31,1.9235770713967277e-07,0.0004714422363729831,3.0701171348649306e-22,3.206045198308246e-16,9.877234470302212e-06,0.0006533467859927443,0.1593517020950084,4.448927688259351e-06,0.13651673282681806,0.21444296520182643,0.0015828983120601313,0.006170874615458224,2.3036231399052693e-21,4.553613758104159e-24,6.252908918100354e-06,2.0497118415300113e-28,5.090257185692379e-25,5.72408022646021e-18,2.32475347708244e-25,0.48705862393662824,3.751155202748292e-11,1.3864808048190478e-17
bartender,1.7483341099304156e-12,1.4286946680450059e-05,,3.3577275244198894e-17,1.1062691957384263e-19,0.4085952346404854,5.882832898240793e-29,0.0047870149439250154,4.576946162224306e-05,0.1856689636509368,2.047295328590165e-07,4.557821202856056e-11,0.0028030309900678244,7.846323390778622e-22,0.18584038468849318,0.11695603597894667,0.0001864786377743269,7.29496769948245e-11,4.557821202856056e-11,0.08092101046094154,0.6422754528873832,0.006370659583563082,3.1431493213901476e-13,1.049026190038294e-20,0.010155452758642006,2.3590539410602766e-12,0.003791547042484299,8.063506956616316e-07,1.6890559999549484e-16,4.4491402350148754e-06,9.631749201686096e-05,2.1307680804742273e-06,2.180920159137778e-11,1.6313628111817082e-30,6.288704768604459e-12,5.791503037289208e-24,1.9996362655555884e-19,0.0001279189336676099,2.169101389871482e-05,6.950197115680885e-27,3.6844141993774883e-16,0.00025079634286891156,3.054026976081318e-05,0.1365538077854488,6.34105987790126e-05,0.1365538077854488,0.05762078776400327,0.00036035249196213095,1.4286946680450059e-05,3.3577275244198894e-17,3.744414960708792e-22,0.04693144384222647,6.953383099300643e-26,6.5480867179263855e-25,1.155633235493395e-18,5.882832898240793e-29,0.0006458711724868878,2.962719802617895e-09,5.2088028071094455e-21
begger,1.5289144175177034e-21,0.0008593456603521339,6.176262323268467e-16,,1.1744645475003038e-11,0.6791481378708881,5.3610901512197825e-14,0.0003511540820640974,0.01620846032573072,0.01995184913959875,6.854601205727158e-20,0.0972531337502115,1.0,6.854601205727158e-20,2.076515496004488e-05,4.092457663498666e-11,0.40761244169630917,1.2885581129312434e-16,2.8462368626262355e-15,9.023368828211847e-07,0.06154301141747048,0.030903759084761402,6.4014274114994445e-09,2.1336525197416514e-18,0.13011089473952947,2.0715994722281732e-10,0.030903759084761402,5.001525256108063e-18,4.8980873666450416e-21,0.0004620703220983255,6.710407249801363e-06,0.013973986415892677,0.006191232558836513,8.581931824509218e-32,5.797695671274415e-09,2.0088506949216844e-41,9.954954929627799e-31,7.68347513121031e-17,0.0006596183219454083,9.954954929627799e-31,7.68347513121031e-17,0.012678808988257899,0.0015543801589878831,0.06803179267377711,0.06803179267377711,0.046430906880173,0.28199425991992116,0.003680294150882841,3.0406133797061687e-07,4.724102813041817e-25,2.8797663869888073e-23,0.01014750062760325,1.4011438466336743e-27,6.850918308850126e-27,9.324467634360949e-19,1.1836525257019138e-22,0.2954898831201358,0.0002477910899984661,7.539332038705925e-07
chef,0.7249642258262283,0.7912454206722972,0.0001297365172157697,0.00026792661364678593,,0.00026792661364678593,5.871321605570614e-13,2.8039564779063768e-18,3.501407415020371e-07,1.800264506656482e-07,0.7912454206722972,1.0688258344760484e-21,2.369963073947723e-12,1.5023550892699298e-09,0.0005360835695754718,0.0035403066844732507,4.4195543669624646e-05,3.922768742318817e-11,8.242469276673403e-06,0.4589878657372287,2.7356541604771895e-07,2.8039564779063768e-18,1.56055946324853e-20,3.5926927951982676e-32,1.5872277125069906e-12,1.0417515582564793e-22,0.0005360835695754718,1.4143852005430797e-12,2.3964653707134924e-10,4.261646857963028e-08,1.0,3.991798439555427e-14,4.261646857963028e-08,2.845330074789926e-21,2.229200190996025e-06,1.0070575411814193e-18,6.858280445086023e-16,0.0001297365172157697,6.572520944366405e-15,6.572520944366405e-15,9.385458590493539e-09,2.8039564779063768e-18,4.7498509026619086e-17,0.0010387673631471076,5.419533719358983e-12,0.00785994810725611,5.219736942895866e-07,2.8669104592888955e-09,0.021426171602435477,9.667513970371599e-12,6.572520944366405e-15,0.00026792661364678593,1.0070575411814193e-18,1.0030861888995699e-16,2.960212766439704e-13,4.352942957666941e-41,0.005856833231612929,1.648300612608236e-19,1.5682390657164666e-29
clerk,7.827442797398277e-39,0.001227173717542722,0.16075900841852986,0.24950028552552886,1.8538799686552342e-14,,2.6583915645986e-19,6.978485750849494e-05,0.0009482118814503244,2.775383530394533e-06,1.489053700109772e-22,0.0037592171734729006,0.08300561522155545,1.0536959315787596e-21,0.45812275957040527,5.019448724157754e-10,0.804716131201422,2.405491767055299e-09,1.1401776132328272e-12,0.001018215435912303,0.014902345279692641,0.057534917639149155,3.199236279646616e-13,3.348844275018262e-14,0.908228343952177,2.646752844324575e-12,1.0,6.915750484581977e-19,3.613819451235369e-14,4.599066112262656e-05,5.972251573056861e-05,0.0002896039817232023,1.0109357737354314e-05,3.0339745060895562e-28,4.445285104811748e-09,3.38098844470269e-35,1.5523905218135445e-31,4.3210183586836464e-15,1.0109357737354314e-05,3.2174193519258677e-27,4.1946829798965356e-17,0.000673036729105504,0.001227173717542722,0.006319927091391367,0.0037592171734729006,0.16075900841852986,0.116894004886694,3.4027308151860844e-07,0.00035902909472230126,3.2958828637693917e-21,7.209342362497522e-23,1.0109357737354314e-05,3.2174193519258677e-27,1.5523905218135445e-31,6.915750484581977e-19,7.036017577572982e-21,0.24563638337785532,3.1835172831387003e-07,3.432662625451554e-08
clown,0.011934052817730993,0.11556133090318658,1.0006186428650348e-06,0.0015460593838255389,0.0010759154031992528,0.00018013686352273125,,2.668983399672689e-37,1.216971048563465e-09,1.855492731045482e-09,0.35323861638957166,2.828200962977529e-38,5.939539633588706e-13,0.04071380544332484,2.3692853589382686e-08,1.216971048563465e-09,4.530243826798532e-11,2.3692853589382686e-08,0.051359442155436155,0.7952505423903089,0.00011297250455687184,2.322091767410333e-13,9.73225441600629e-23,9.527594143160657e-44,4.801457482429849e-08,9.346486215764124e-33,4.530243826798532e-11,1.216971048563465e-09,1.0758751965523305e-16,7.027757385885221e-09,0.15026237181282587,1.2720017929979532e-13,1.216971048563465e-09,1.6138032170596384e-15,0.0029361052116150745,5.8540462666096905e-18,1.0758751965523305e-16,3.1249767260423797e-10,7.027757385885221e-09,1.2030074530071006e-14,0.0010759154031992528,1.7455320436772256e-24,1.7455320436772256e-24,3.483593346562123e-07,1.3712042086144204e-21,1.0105057780604776e-05,5.132427312719522e-14,1.216971048563465e-09,0.0007820613598183096,4.530243826798532e-11,1.2030074530071006e-14,5.87107327551976e-05,1.1708695404238468e-12,1.2030074530071006e-14,5.8540462666096905e-18,1.9582693011329385e-56,2.484377494852072e-06,1.0062735186005251e-18,1.3891388940544566e-45
coal mines person,0.9325962689720335,0.2351492108397933,0.3521217977031936,0.05160405073313995,0.2351492108397933,0.1747261088733268,0.00012046307583667777,,0.7996974573427902,0.061472109377576654,0.08959400278823745,3.8257649329417724e-51,0.7346814583228376,0.08959400278823745,0.1747261088733268,0.08959400278823745,0.05160405073313995,0.7346814583228376,0.3966538934589199,0.405242522656014,3.617298831416165e-05,0.10795611056569751,4.215407686650622e-17,2.246620493416964e-21,2.150422020073731e-05,2.386132486185516e-07,0.1747261088733268,0.3966538934589199,0.2351492108397933,0.4977901874347115,0.12101807456076627,0.405242522656014,0.1747261088733268,0.611167358978042,0.0008895814778446277,0.1747261088733268,0.7346814583228376,0.7346814583228376,0.00012046307583667777,0.12669009366437306,0.022111755004132098,0.20446116640256662,0.0006559914336958408,0.611167358978042,0.06176858144945082,0.03423818906601603,0.3089870800781094,0.005043807456427853,0.0029118423051116117,0.7346814583228376,0.022111755004132098,0.013893863010993993,0.3966538934589199,0.022111755004132098,0.008490340585692872,4.421843163415189e-33,0.016761154134815798,0.008484681492204068,2.1920966801976583e-16
commander,6.88468499973871e-31,0.0020818984812239986,0.0003355187998636067,0.804106288625865,1.3406462138156239e-15,0.1158647010760255,4.752588242339506e-24,0.24534261826596734,,0.618717877019589,2.744720572555694e-20,4.171674417998755e-05,0.24534261826596734,1.8923180322556504e-18,0.0020818984812239986,2.8456788675687532e-08,0.03066880011820532,5.515700191204994e-09,6.2183763215621266e-15,1.680572396715499e-06,0.19930956667203176,0.9341080564232556,1.4172860314681022e-16,2.612197238433091e-15,0.48475653514315087,2.4980737301358174e-09,0.006115449425567014,2.628038072369044e-15,1.0816291573200258e-18,0.007735312941344678,4.638538342664397e-07,0.0021868386493286013,1.9357806200863103e-11,2.109562050804279e-33,1.1626642114171593e-09,1.7121992888990846e-39,2.109562050804279e-33,1.8923180322556504e-18,0.0004576121896713784,2.109562050804279e-33,5.4729265455240647e-17,0.016124396391361623,0.05676517131741293,0.003617348581408614,0.24534261826596734,0.5069997681432673,0.679307941484449,0.007735312941344678,3.965408542704212e-06,4.7106827453822665e-14,1.4339344555198894e-26,2.8981500778321174e-05,3.381896346878656e-38,2.8782864645996314e-29,5.627625929369956e-20,1.8923180322556504e-18,0.00014820571199961177,0.0003864533034525216,9.897201326523743e-12
construction worker,5.779055573256207e-14,0.012844535250142347,0.6801256259215458,0.32099569032345754,4.879294187108765e-21,1.4059214983070471e-05,1.5014784140728846e-29,2.797724800716067e-06,0.05742805929360256,,1.2768104972571434e-10,4.041482486343586e-10,0.0004744059300910618,1.8807595810628896e-19,0.0468097025587899,0.031201515058463997,0.08287256058720568,2.596925088363131e-21,3.64229188899921e-09,8.431241412793518e-08,0.9071271940422833,0.0468097025587899,1.4385628006376348e-09,1.4192704629352656e-15,0.10370001130699402,1.464006802792492e-12,0.619887865075003,1.8615377741282486e-15,3.4103245520670605e-14,0.00018515402017521229,0.0007150683682416336,0.0006068615802634417,2.4185110829158014e-11,7.285285042000091e-30,3.890383230002609e-11,1.2045493131358402e-34,5.478020567383347e-31,0.0027883441815209214,0.00035713141405502107,9.770012448397745e-28,1.0781139640062922e-18,0.004764646915210931,1.4059214983070471e-05,1.0,0.0015881939923046593,0.21579926301087649,0.9342879522017438,0.006298666302558347,0.0004744059300910618,4.077034589129172e-16,3.716617780587822e-32,6.803002658262068e-09,2.252545545808607e-33,7.285285042000091e-30,1.021819399246567e-19,1.323000362075308e-23,0.0010228224321480546,1.2058196902335167e-08,4.041482486343586e-10
cop,0.9300240765696639,0.03491938849220598,1.0,3.1738585993641136e-10,1.0988113726341724e-17,1.1371703735431094e-09,9.148958615845167e-29,1.1340048819419685e-19,8.634804590852048e-11,0.02721155042407957,,1.2828343368214865e-29,5.42399990128057e-10,1.5046699477003498e-07,1.5648809460294515e-06,6.678160045899203e-05,1.4276247089167514e-11,1.889025265278534e-14,0.00632079179854377,0.7119165684295345,0.13703240036044967,4.4850852641474363e-13,4.307136967133517e-20,4.805023024355727e-30,1.498996639444737e-07,3.0289307009502054e-22,9.690423758005388e-14,2.030293239886491e-15,3.3275837358608925e-16,5.630755044844218e-09,0.13703240036044967,8.140316998606537e-11,2.030293239886491e-15,1.4857501532554938e-20,1.6573112003666105e-12,7.28451092895496e-22,1.4857501532554938e-20,0.00268399445044516,1.756358243391817e-08,1.4857501532554938e-20,1.2828343368214865e-29,2.2610818241915923e-18,1.7498540914394412e-16,8.634804590852048e-11,2.3141263709641016e-11,1.756358243391817e-08,5.42399990128057e-10,1.889025265278534e-14,0.013686583308844185,1.889025265278534e-14,2.802668820977627e-23,1.5648809460294515e-06,7.28451092895496e-22,7.28451092895496e-22,3.324988942041654e-12,1.6381231619926208e-53,0.03551693801232313,4.307136967133517e-20,4.164058154759525e-27
countryside person,0.6026583143253412,0.6026583143253412,0.06886908985185736,0.34067179603679587,0.29750055471139797,0.5442819177178547,0.002271767770508076,1.0627619220314552e-18,0.11777976253386566,0.014492131792430647,0.002271767770508076,,0.05573416977034154,0.93097331384896,0.11777976253386566,0.046123590309366,0.16455902069384076,0.05573416977034154,0.8622633256917793,0.7154027482490286,0.003258211995988868,0.2601361020853068,7.528178507618804e-10,3.012849868452573e-23,2.1907343217997892e-05,0.00012427734575774392,0.7285817335493636,0.29750055471139797,0.046123590309366,0.06886908985185736,0.5431730955144886,0.5431730955144886,0.08211115437579818,0.16455902069384076,0.004040116017704771,0.7285817335493636,0.93097331384896,0.16455902069384076,0.794970422934208,0.43562835648379417,0.046123590309366,0.0009310487749881026,0.0017109130470533427,0.29750055471139797,0.05573416977034154,1.0,0.16455902069384076,0.06886908985185736,0.0006563812649033488,0.16455902069384076,0.6026583143253412,0.38541654413774523,0.38541654413774523,0.6026583143253412,0.7285817335493636,4.723703071363159e-25,0.01439262174340581,0.22169439619092812,2.4054662692573413e-14
delivery person,0.28239001832744204,1.0,0.5070077701713747,0.9341261360887589,0.28239001832744204,0.5070077701713747,0.8041591621609278,2.7283352852436187e-06,0.21470991258056096,0.03044641919274059,0.7401217244062396,0.0008518993295971893,,0.8682839880484412,0.618783133642399,0.03824099494563657,0.45686936588487836,0.7401217244062396,0.40682606333219373,0.004758575547956878,0.0021861310933691176,0.6793916814296623,7.588336263359289e-11,2.132604097702287e-13,0.013938574389163273,5.698999216341474e-06,0.03824099494563657,0.21470991258056096,0.01610421257585391,0.8682839880484412,0.8159328152151318,0.16141740121896342,0.05671303887486674,0.0820333632211573,0.28239001832744204,0.21470991258056096,0.15953743917548885,0.618783133642399,0.05671303887486674,0.11578392321071945,0.28239001832744204,0.06763018517722771,0.03067868078728702,0.0020785576017868165,0.45686936588487836,0.8682839880484412,0.11578392321071945,0.36312841617010216,0.010049588212223506,0.02513862824062657,0.0820333632211573,0.8041591621609278,0.7401217244062396,0.618783133642399,0.5070077701713747,3.4765732750369044e-23,0.04690567756373877,0.04690567756373877,6.360007913717045e-10
doctor,0.035340878352808205,0.1710477979095745,0.00047470090278502826,1.2857636654623056e-07,5.0534482901434444e-05,1.5010490523204853e-06,4.1840959149829e-21,9.995583362689562e-25,5.515255979870495e-07,0.00010371664996218781,2.367605307111481e-06,4.1840959149829e-21,3.886450962260906e-13,,1.5010490523204853e-06,3.963247903959856e-06,1.2857636654623056e-07,1.3036875012099703e-08,0.0018124070407405193,0.36917515531248457,0.05458952286220808,1.4909245893124388e-12,1.9281863331826446e-18,1.2302056552126295e-32,1.0093979448661956e-09,1.8373993722334234e-22,4.14196691256947e-08,4.14196691256947e-08,2.5171772591714543e-11,6.630342102747802e-10,0.05458952286220808,1.2891239649117674e-12,4.14196691256947e-08,7.446127856731164e-14,5.841686192363695e-16,8.618842079541138e-21,7.774866080769365e-17,2.5171772591714543e-11,6.630342102747802e-10,4.752543230601142e-18,0.14417841705285092,8.9895137679015e-22,2.8860797431049275e-26,1.5010490523204853e-06,6.001925186218021e-12,3.963247903959856e-06,8.373459947167342e-09,2.5171772591714543e-11,1.4186936835719704e-05,2.5171772591714543e-11,2.330247850957292e-19,1.5010490523204853e-06,7.446127856731164e-14,1.0764673948296333e-15,7.446127856731164e-14,4.0497414194033534e-52,3.883050414664402e-06,1.9281863331826446e-18,1.0572971402744956e-39
electrician,3.6044549778389107e-35,0.4593074539249466,0.004861107655178871,8.470765561713829e-07,8.23839396739859e-17,0.6206564724375666,1.8582545078412615e-30,1.275501775253273e-06,9.604338653957704e-05,0.1370604805600945,2.660547223319285e-21,1.4127721541440786e-09,0.01304826861478279,1.2268229680623686e-25,,1.159369889195677e-08,0.03936599818528336,2.676536318719719e-25,7.900212364524896e-14,0.0015534014784898973,0.41722866083705007,0.8689800918870825,3.980422890572203e-08,9.063792535863063e-20,0.03623719847403106,2.7704469980403684e-13,0.7414583751889499,1.4716267149677111e-22,1.9148958987897907e-23,2.584524322404507e-10,0.0006604691112484872,0.0023685358919359103,4.6627567524688544e-20,2.676536318719719e-25,4.052627836344982e-12,1.0271068037717432e-29,1.1224969833720876e-34,7.817305517194114e-24,0.00019044602649029117,2.676536318719719e-25,2.660547223319285e-21,6.733461071027597e-06,2.1381931970642925e-07,0.8052101839570469,6.733461071027597e-06,0.0022194420136276453,0.0691124934683505,0.0038279846547270703,0.0028516799082496367,7.247523097058807e-21,2.86053513425547e-27,1.3662702823356589e-07,2.351111934607611e-33,2.351111934607611e-33,2.3389685251085636e-24,1.8582545078412615e-30,0.010310845329473246,3.1135078266300583e-09,5.778499050408519e-19
engineer,6.105772575622549e-28,0.243701298909605,0.2803302050569727,9.658689940989681e-10,2.8224831858845855e-19,1.553645812050697e-06,8.324606046072342e-39,1.8327302036746924e-10,1.7641069996482884e-07,0.6763364011984165,5.216466577701799e-23,3.980261095089244e-14,2.5799321201038574e-07,4.856422586255521e-30,0.0006061411762687649,,0.00031900531078282696,1.9221216585099092e-29,4.915364265009919e-09,0.018621412730916415,0.6404998953400048,0.0026125552614511527,4.284462074566557e-14,3.4294456153500456e-23,0.003242956515219396,3.9558028724358914e-13,0.0035036586713825526,3.230076128082387e-28,1.5669170898125205e-23,3.0723500529968965e-10,9.371573200991181e-05,1.6807640729267027e-05,2.0166834259727617e-17,8.480268491376195e-26,6.024204317176338e-13,9.466995939681034e-25,3.230076128082387e-28,7.78804498566309e-18,0.0011190557989361437,9.614937295562157e-20,1.8295380673577228e-24,1.3852933551838078e-08,0.00011531390635954744,0.5055353233447785,1.268292623668665e-05,0.0011190557989361437,0.21283992793002485,0.0001630720445903046,0.055977165644141014,2.0166834259727617e-17,1.5669170898125205e-23,1.823628865441517e-05,1.0922045455090779e-30,1.9221216585099092e-29,8.480268491376195e-26,2.12719204328921e-25,0.02565146644245845,6.744986924616722e-11,5.1796309673905957e-20
farmer,6.96164891039521e-31,0.010204957827510176,0.00018064958979387125,0.0028831662802693775,6.155636692686817e-14,0.13734123334756013,2.2663814343098776e-28,6.756343649201913e-05,1.0,0.4073121055378338,2.2669103601822378e-23,6.910513837976921e-06,0.8690000517147101,2.1493307445884987e-21,0.08246589423786016,6.910513837976921e-06,,3.4595879397919555e-15,6.155636692686817e-14,0.0002567270998650105,0.010501553333896234,0.025398930075643332,2.3674593982607493e-10,1.8638849416047619e-16,0.41590881233557386,6.9021391136561225e-09,0.40944035315915595,1.47280559927461e-13,8.937517814302506e-28,0.008126801428148372,0.005200166796488262,0.000443740496798101,9.081735435141343e-05,8.492842400822789e-30,4.356448579160178e-10,8.954276312548943e-29,1.359174858030497e-30,2.007372935442228e-15,9.081735435141343e-05,8.937517814302506e-28,3.0912483439084093e-18,0.025398930075643332,3.256107377815691e-05,0.08246589423786016,0.03856054793503694,0.16004272330492741,0.40944035315915595,0.06924937956553084,0.0062204703392148685,4.054821154949817e-20,1.359174858030497e-30,4.334108293470458e-06,6.423121050430216e-33,7.640745765856717e-26,4.054821154949817e-20,3.4458695199258183e-12,0.08044393825670748,2.14065307206415e-05,2.4475565176822737e-13
fashion model,2.538970650384465e-15,8.820849457578315e-08,0.00017898190613785349,0.0006982032161556926,4.877610087734209e-13,0.0567478983910346,6.762368069241891e-14,0.6655880140566668,0.4897250708589671,3.2637196936164324e-09,2.640257355442699e-16,0.06926842792819543,0.04661047643488063,4.877610087734209e-13,6.762368069241891e-14,3.579160188659167e-21,0.0006982032161556926,,2.108834769518011e-12,1.170112416675018e-09,0.00493208960799277,0.2609571202301709,0.000359446371314263,1.5603160283827498e-10,0.06716435431089192,8.389720187272117e-06,8.652686684488434e-05,6.015627327118184e-07,2.102258856017243e-09,0.0042655012563017096,3.44883978040873e-10,0.8091312090189376,0.436515621084283,6.858529718257045e-36,0.0006982032161556926,3.7170004357216964e-47,1.2768528582051878e-27,6.762368069241891e-14,6.242873427251346e-05,2.1736961811853008e-24,8.89381900558943e-12,0.4897250708589671,0.29984742526019037,2.2849138796994645e-06,0.0017494647332168087,0.015137306349878893,4.877683951820742e-08,0.9311193356785192,8.820849457578315e-08,6.991555847297192e-18,1.2768528582051878e-27,0.00732596704507703,1.0895197687884182e-20,1.0033105489910339e-16,3.2527758368866027e-10,3.047672912228709e-08,0.0031801567572333923,0.006975457327605171,9.125415226988356e-07
firefighter,0.0007178829903506038,0.3429391280238803,0.04681998109179066,1.9182678608757094e-08,2.3944592682555806e-35,0.0001296832259575996,1.0050860314345314e-29,6.284786767315155e-14,1.9182678608757094e-08,0.019350842088254043,8.763268711916585e-08,3.378763904443289e-15,2.063780252010624e-09,2.1498231212109818e-33,0.0009858633886803622,0.6666208311563935,1.5358734643437432e-06,1.1819397853395737e-12,,0.5449139785933343,0.27573825263179064,2.3412084573612354e-07,5.237324424563976e-25,5.548190257249262e-31,5.493750937526582e-07,3.1668808889373337e-18,3.9433829439825377e-10,2.1724761232638815e-17,9.681977763021719e-22,3.6092627973475967e-14,0.5449139785933343,7.503334657815328e-09,7.961614985903309e-23,2.3939699529210486e-19,3.638939378038545e-18,7.961614985903309e-23,2.4875399967911726e-27,0.0696511263534817,1.5358734643437432e-06,7.961614985903309e-23,3.638939378038545e-18,1.5608347074850856e-13,1.448804621317209e-14,6.085217518430343e-07,2.2184566425687264e-12,6.379082410124463e-09,0.0007178829903506038,8.907561066604633e-06,0.009625700833072324,1.5606266021263275e-20,3.2466465049620353e-24,3.6092627973475967e-14,3.2466465049620353e-24,7.961614985903309e-23,7.961614985903309e-23,8.12526602088032e-48,0.0022021353071557718,3.31030786516954e-12,1.604236641940642e-31
fisherman,0.7997529060316912,1.0,0.2508135767372759,0.6117209575013748,0.2508135767372759,0.7020974430309452,0.4459849535181673,0.5237232229298783,0.7997529060316912,0.07348301394425052,0.37190522798604014,0.7020974430309452,0.7997529060316912,0.5237232229298783,1.0,1.0,0.7020974430309452,0.898558286584745,0.0970174378351002,,,0.2508135767372759,0.003137044478148368,,0.6117209575013748,,1.0,0.2027561207229598,0.7997529060316912,0.1603334342244585,0.0019834821416334493,,0.07348301394425052,0.4459849535181673,0.5237232229298783,0.5237232229298783,0.898558286584745,0.5237232229298783,0.5237232229298783,0.0970174378351002,0.898558286584745,0.7020974430309452,0.5237232229298783,0.7020974430309452,0.7020974430309452,0.7997529060316912,0.2508135767372759,1.0,0.4459849535181673,0.12572426833511177,1.0,0.6117209575013748,0.7020974430309452,1.0,0.07348301394425052,0.003137044478148368,1.0,,0.12572426833511177
fisherwoman,0.14755747981379658,0.629689559399355,0.029657144438778385,0.22766397910241506,1.803253666027191e-05,1.0,0.05331037985518034,8.662530157445988e-05,0.05331037985518034,0.01449304231350207,0.46943624371064296,0.0006497201374486949,0.0697498401391986,0.809515741873204,0.334646477181453,0.629689559399355,0.809515741873204,0.029657144438778385,0.46943624371064296,,,0.5475956497426577,,1.2493170332730615e-10,,8.893677600639374e-09,0.46943624371064296,0.46943624371064296,0.14755747981379658,0.14755747981379658,,0.27831472097097953,0.809515741873204,0.629689559399355,0.22766397910241506,0.334646477181453,1.0,0.01565650801455181,0.334646477181453,0.629689559399355,0.09098430864696089,0.0697498401391986,0.039544903586107225,0.809515741873204,0.0016049827785587075,0.809515741873204,0.27831472097097953,0.05331037985518034,0.22766397910241506,0.22766397910241506,0.334646477181453,0.09098430864696089,0.629689559399355,0.7183538797984933,0.9043302813636889,8.893677600639374e-09,,0.0016049827785587075,8.893677600639374e-09
ghetto person,0.010372232902863598,0.6805151369827058,0.40858468979100304,0.010372232902863598,0.0012244013960344478,0.16116658275136697,0.7410583936625977,0.03130628240537456,0.7410583936625977,0.2469778708051906,0.057717818036755436,0.00025185708481912793,0.06866420782022703,0.6200956426804582,0.09800536905619184,0.7410583936625977,0.025747706578297794,0.08325820251882386,0.6200956426804582,0.08078190758582984,0.026622605396638743,,2.7511695321284434e-18,1.0265592230578181e-10,0.03595020020044728,7.11014318510558e-06,0.7410583936625977,0.057717818036755436,0.8048726173706998,0.3648852397017991,0.8164537233167333,0.2011644944093779,0.21647984220296468,0.40858468979100304,0.21647984220296468,0.025747706578297794,0.5642773226991293,0.0021756673778141424,0.039036805600037104,0.40858468979100304,0.057717818036755436,0.007968581733629524,0.24712872725475504,0.40858468979100304,0.18584198366947816,0.057717818036755436,0.016554946925387157,0.039036805600037104,0.6200956426804582,0.9343708000852474,1.0,1.0,1.0,0.8687718440414227,0.0003566672783495579,1.715091488367008e-17,0.0023408576562284344,0.019659295539196524,4.754353654824221e-13
handyman,0.8740630159245306,0.6340317467322123,0.6340317467322123,0.6340317467322123,1.0,0.14967393373529636,0.5231893714699077,0.8740630159245306,0.0003677213058482886,1.0,1.0,0.0011780225936462122,0.5231893714699077,0.11145281736806162,0.20202877697205424,0.8740630159245306,0.42649140185894546,1.0,0.05668719164163288,0.8740630159245306,,0.02485838133958128,,,0.0011780225936462122,,0.6340317467322123,1.0,0.8740630159245306,0.8740630159245306,0.42649140185894546,,0.42649140185894546,0.2641278793201629,0.6340317467322123,0.20202877697205424,0.6340317467322123,0.42649140185894546,1.0,0.20202877697205424,0.009755928774740658,0.7495812924166536,0.2641278793201629,0.7495812924166536,1.0,0.14967393373529636,0.2641278793201629,0.8740630159245306,1.0,0.5231893714699077,0.7495812924166536,0.05668719164163288,0.7495812924166536,0.7495812924166536,0.2641278793201629,4.646081541039861e-14,0.20202877697205424,,0.006442502372713361
handywoman,0.2819050501491993,0.2819050501491993,0.2819050501491993,0.029375650418164763,0.2819050501491993,1.0,0.002428768473908196,0.6687918905148327,0.2819050501491993,0.8308636978367758,0.5209565888120147,0.3931308937248084,0.05129952988304421,0.8311539775315637,0.2819050501491993,0.2819050501491993,0.2819050501491993,0.2819050501491993,0.08739472526920863,,0.5209565888120147,0.008378745900111615,,,,7.418153157678658e-14,0.5209565888120147,0.2819050501491993,1.0,0.2819050501491993,,0.10096134222275271,0.08739472526920863,0.8311539775315637,0.2819050501491993,0.8311539775315637,1.0,0.5209565888120147,0.5209565888120147,0.08739472526920863,0.8311539775315637,0.017263731054416503,0.0042009826660323775,0.08739472526920863,0.3599046223050912,0.8311539775315637,0.10096134222275271,0.5209565888120147,0.08739472526920863,0.08739472526920863,0.5209565888120147,0.08739472526920863,0.2819050501491993,0.5209565888120147,0.2819050501491993,7.982378711059922e-15,,0.004802090131998183,5.2505781956231004e-12
hillibilly,0.8126234785992791,0.9062024623938727,0.8126234785992791,0.4767749175127035,0.02414137471288645,0.15403648776535273,0.7237120309340785,0.6353723374124639,1.0,1.0,0.6353723374124639,0.9062024623938727,0.9062024623938727,0.6353723374124639,1.0,1.0,0.9062024623938727,0.4093846337273736,0.4767749175127035,0.012516102159818413,,0.9062024623938727,5.896014938979998e-07,,,,0.9062024623938727,0.555719798809795,0.19452647306843232,0.34257385450031413,0.006124858803790394,,0.7237120309340785,1.0,0.555719798809795,0.4093846337273736,0.01711004251097264,0.8126234785992791,0.34257385450031413,0.4767749175127035,0.555719798809795,0.28877351725488304,0.19452647306843232,0.9062024623938727,0.15403648776535273,0.19452647306843232,0.02414137471288645,0.044030546577098595,0.15403648776535273,0.9062024623938727,0.4093846337273736,0.19452647306843232,0.34257385450031413,0.6353723374124639,0.8126234785992791,7.210277496094859e-06,0.555719798809795,,0.0018735403020860666
hillibilly person,0.17629404820288172,0.17629404820288172,0.4545614621043004,0.09756369142948818,0.29409566301070955,0.09756369142948818,0.015685389467321918,0.00627853929177127,0.17629404820288172,0.09619769603545178,0.29409566301070955,4.603905316639792e-07,0.023494437808416674,0.8813820539096926,0.17629404820288172,0.6541446426431008,0.4545614621043004,0.17629404820288172,0.6541446426431008,,0.015685389467321918,0.0497882562033278,,2.2455051452917645e-12,,,0.17629404820288172,0.29409566301070955,0.29409566301070955,0.09756369142948818,,0.8813820539096926,0.4545614621043004,0.17629404820288172,0.09756369142948818,0.4545614621043004,0.29409566301070955,0.6541446426431008,1.0,0.035713494350056524,1.0,0.002323603665687478,0.0008171487318262946,0.17629404820288172,0.2311230433750798,0.09756369142948818,0.5490572568819657,0.29409566301070955,0.09756369142948818,0.8813820539096926,0.4545614621043004,0.4545614621043004,0.00026497188175262363,0.6541446426431008,1.0,2.995465044227768e-24,,0.07352217533655617,1.1125254417554977e-09
janitor,1.0721256348312507e-25,0.8051394853440131,0.0004946118536297017,0.0001943928512430855,4.070753551467096e-14,0.5648089780425821,5.8517410880829545e-31,6.615523207192337e-05,1.0782801681989954e-05,0.4092671447063485,9.662294980957814e-29,6.615523207192337e-05,0.0016439219024015315,9.529240865516674e-25,0.5097028775702964,1.4978307278746137e-05,0.8051394853440131,4.090585086952237e-15,3.0664158754422205e-21,0.0001682015554546608,0.10400161285902268,0.322543884896783,1.0946766098119345e-10,1.9811391485549305e-16,0.20258600498879675,1.689302106004554e-11,,4.0875147702015935e-17,2.2861776958972556e-23,2.1319462059448137e-06,0.01983783009109758,0.0006776835250925691,7.127726386131269e-14,3.9636450012234827e-29,2.723442362585199e-09,4.3554963681386135e-27,4.0924634894426155e-26,1.2167498971775445e-19,0.0012654986158626435,4.3554963681386135e-27,7.901245600545883e-24,6.615523207192337e-05,6.615523207192337e-05,0.24836060914062752,0.0004946118536297017,0.2847936086879943,0.6210067067296972,0.08373355052334383,0.0009142365496368429,4.6161812629299145e-20,3.592653450543447e-25,5.787929131354053e-08,1.8512722021634395e-32,1.1863922964223372e-33,3.592653450543447e-25,4.886289959050696e-16,3.6465811411221806e-05,1.0771219316356062e-06,2.723442362585199e-09
journalist,3.3722045655745214e-20,0.006722702838645023,0.080548029212214,0.0006152601317647791,1.38524238662175e-13,4.3773213065344714e-06,1.7622305631820714e-14,0.7937361486094964,0.01132424557033387,7.13424559600357e-05,5.6158302284063605e-16,0.3831611338475681,0.13836196392729314,1.82376100262785e-11,7.152467258810374e-11,5.202738036820431e-19,0.01132424557033387,0.002888663728157184,5.6158302284063605e-16,8.21006968898722e-15,1.0842695418725154e-05,0.19102275581939943,0.0008175368575671707,6.162475951807168e-10,0.06491888363987094,0.00010716728907651981,2.3799784579938622e-05,,1.253102456079469e-18,0.080548029212214,2.6616440054721973e-10,0.539282309242539,0.04499780012426557,4.32471115154592e-25,1.0369627372491775e-05,6.102558873522268e-41,6.183606754680687e-32,4.3392596343170154e-18,3.466587845078183e-05,2.162136038201527e-24,1.82376100262785e-11,0.6629965022099655,0.7937361486094964,1.0369627372491775e-05,0.04499780012426557,0.0006152601317647791,7.435293438531852e-05,0.6629965022099655,4.740090485681531e-07,7.0983240346231e-14,1.5077746882931768e-23,0.04499780012426557,6.893683333743845e-23,2.1105365244867653e-17,1.4110921495128321e-08,1.736952081430925e-07,1.6118664926969567e-06,0.0008175368575671707,0.0011713315211048295
laborer,6.226022873576412e-18,3.508222529944353e-10,1.8835467385040384e-05,0.001111101780252516,6.851159199910187e-09,0.02393496978526049,3.5077462349553927e-19,0.3677419885436831,0.014671724716087915,0.008579317827145681,7.421007440925933e-14,0.4185246064821726,0.2072135106232244,3.0810016846937062e-12,6.851159199910187e-09,3.0810016846937062e-12,6.985016112078921e-08,0.002817843358656434,9.400564470238847e-17,4.83733499873252e-14,9.769082117494519e-06,5.449814272621906e-06,0.00326197701810916,5.823281834487082e-06,0.5267269396930149,0.0013325570576258013,8.201328336719487e-07,0.7187029717469096,,0.02393496978526049,9.401465691492298e-10,0.5267269396930149,0.14942183514802054,1.006429032884366e-33,1.8835467385040384e-05,1.4689552245883564e-39,3.9911295155237906e-20,1.3577733596052394e-11,0.2072135106232244,1.3104708141683527e-23,3.508222529944353e-10,0.01169588129407137,0.03060200863559696,2.1953729561158643e-06,0.0015315486764676466,8.201328336719487e-07,1.278169879379409e-06,0.7875930180939359,1.3136083998407488e-09,6.262667204624168e-10,7.334370514761507e-27,0.8570827526505786,4.922804948673218e-31,1.5406139965640527e-14,1.2299643631690644e-08,2.2177633881006645e-08,3.3974654950917296e-05,1.0,0.1768953196490125
lawyer,2.375061091077037e-28,0.00110521163548713,0.00011988586994516592,0.560761897210844,4.776441240275119e-16,0.03723845734521529,9.391832656347013e-22,0.05540973946254325,0.7395788851397596,0.044798691695456874,9.501713544517691e-17,5.8685225044795785e-05,1.0,9.391832656347013e-22,1.6610162075789306e-07,1.8791931741771612e-10,0.9337861493236227,2.24703468189243e-16,6.722718653675114e-21,0.0009131178405359932,0.04683446449732717,0.09616429475072524,2.0798084626993382e-07,1.452424688388352e-14,0.15962578164269076,1.0455469863339744e-09,0.005862105822367925,7.863549524423004e-14,6.055650863043298e-19,,1.6889063057609866e-06,0.03434240609464194,6.737676913306882e-07,7.61160605642177e-33,6.326477879211269e-08,9.231558785628962e-40,1.1799252567805614e-30,9.501713544517691e-17,3.913695264538505e-05,7.978935669143182e-30,1.6237573251337386e-11,0.009682532984404555,0.03723845734521529,1.2835222025541307e-05,0.7395788851397596,0.015572402187229262,0.13437336101692568,3.913695264538505e-05,0.005862105822367925,1.0094888866817557e-17,9.231558785628962e-40,1.84105093442495e-05,1.1799252567805614e-30,7.978935669143182e-30,3.371297618310333e-18,9.501713544517691e-17,3.071558431235067e-05,8.098157302597432e-07,6.326477879211269e-08
mafia,0.2083926082119779,0.13052224315266342,0.2083926082119779,0.802100366219284,0.8998180820744356,0.616009823355696,0.5289281280932254,0.802100366219284,0.4515134970181778,1.0,0.058615054512639736,1.0,0.032124351844741425,0.16562710176954493,0.616009823355696,0.07719311439350815,0.2567963382356603,0.802100366219284,0.16562710176954493,6.832007484701782e-05,,0.002254701976921276,0.00013474332269509378,,0.3149000877708544,,0.2567963382356603,1.0,0.3779211828265435,0.802100366219284,,,1.0,0.2083926082119779,0.4515134970181778,1.0,0.616009823355696,0.616009823355696,0.3149000877708544,0.4515134970181778,0.8998180820744356,0.005161586555287543,0.00036433206873694765,0.07719311439350815,0.10125174833433086,0.802100366219284,6.741928465513511e-06,0.7056443123251703,0.8998180820744356,0.616009823355696,0.2083926082119779,0.8998180820744356,0.3149000877708544,0.616009823355696,0.3149000877708544,1.1733290192091115e-05,0.7056443123251703,,0.008080881949920576
mafia person,0.03088596152138267,0.0011794542212287097,0.03088596152138267,0.1517521740707211,0.016301389797060688,0.05537396504384869,0.23276673978530477,1.7355345174945884e-06,0.03088596152138267,0.1174090279808905,0.1517521740707211,1.1640502026242772e-07,1.2170896113329657e-05,0.23276673978530477,0.4746861726608891,0.23276673978530477,0.03088596152138267,0.6338219853634783,0.23276673978530477,,0.1517521740707211,0.00010431556093472167,,7.746010783005903e-15,,8.773227042907798e-15,0.09408543133241584,0.8117973389365218,0.34018355387174914,0.1517521740707211,,,0.05537396504384869,0.05537396504384869,0.34018355387174914,0.34018355387174914,0.23276673978530477,0.7205168514780527,0.8117973389365218,0.1517521740707211,0.016301389797060688,1.2170896113329657e-05,3.6636842013080346e-05,0.002755842194215533,0.0016991383947460316,0.008130242874902986,0.9050803041581191,0.03088596152138267,0.4746861726608891,0.016301389797060688,0.002755842194215533,0.008130242874902986,0.09408543133241584,0.1517521740707211,0.05537396504384869,8.799518598586838e-19,,3.832789571980968e-06,3.6854925191978074e-13
maid,1.6757907820452517e-19,5.461861007902407e-05,3.495477330236557e-06,0.10597570023733269,9.968017168300482e-12,0.3074501093762727,1.3448461416567642e-17,0.2336288354153997,0.026565409810528823,0.00030527914853536846,1.6757907820452517e-19,0.3495273997848063,0.8650512892041884,1.9239388961373377e-14,9.968017168300482e-12,6.286760717160163e-13,1.0,1.1926516879572015e-09,3.366774052721297e-25,6.987995162477586e-14,3.3945653099664154e-05,0.3495273997848063,9.59041392573722e-07,7.404594022555068e-13,0.4018083568073044,1.8956712464500475e-05,2.542524891018489e-05,1.4045993118846138e-07,1.7100305767731632e-11,0.8650512892041884,2.5145380509736844e-08,0.09386194350263548,,3.7344128844507904e-36,3.784314225712878e-11,3.2735848510099847e-37,6.797416359170593e-26,9.145151160746643e-14,0.0006165766555237373,1.711776614809194e-28,6.286760717160163e-13,0.7986642100602481,0.49647185252820564,0.00011383097494794606,0.1481137691503736,0.026565409810528823,0.02155963185947223,0.20197561623885368,1.4369243931859534e-06,3.250797821777698e-17,3.250797821777698e-17,0.0333647758931536,4.10434775808163e-31,1.8404445449713278e-23,1.3286561846885197e-12,2.157406725826577e-09,5.7065006092495095e-09,0.00046444250236443263,3.495477330236557e-06
mechanic,5.434606378793692e-08,1.3640316531297709e-05,5.434606378793692e-08,0.0007042410392301107,1.2807541923447258e-11,0.00031251181712315746,1.3072432211320017e-10,8.938089239265762e-06,0.00031251181712315746,1.334845180566608e-05,1.3072432211320017e-10,0.01837268183375963,1.7802530048034244e-06,5.434606378793692e-08,0.00013350499315912634,1.9656077165993231e-07,0.0007042410392301107,0.184809708551799,5.434606378793692e-08,6.600882809894797e-24,7.778694617018603e-14,5.509969930172984e-10,0.031192648122102717,0.0014024827009913093,0.00012848429034100232,0.08317158030970444,0.00013350499315912634,0.15264335792895714,0.5400723287345963,0.002036772243141097,5.470757670854045e-25,0.11418374887296268,0.03144579846686664,,5.434606378793692e-08,7.174978657320676e-20,3.0591212862803547e-14,3.187483770665268e-06,0.35955017989628546,2.356881860470502e-10,8.24553648304784e-09,1.0500605609503721e-07,8.938089239265762e-06,0.00031251181712315746,2.356881860470502e-10,5.434606378793692e-08,1.9799299032546285e-12,0.611251340425319,3.66720100136138e-05,0.7604861456396644,2.03616627116369e-09,0.2623350530373032,0.00021059522300011707,6.418350672940248e-07,0.30702846637023307,0.125565051567056,9.722553113280281e-06,0.14983626916058,0.7604861456396644
nurse,0.7951874559131267,0.6652430360068409,0.029883352221403252,0.0009325826986570945,0.0001793851807352762,0.018947632828471818,6.643225455005788e-12,5.5937668575176856e-24,0.000245838342146244,0.003976763790943037,0.2253341494621766,3.222533869873484e-26,1.7089436842125859e-10,0.16581866848998472,0.009294631844538229,0.09935676793099281,0.0009325826986570945,0.0009325826986570945,0.2601028433180634,0.9031272108111488,0.08852292484783006,1.7267291121083554e-09,8.792232552587827e-21,6.562149992665715e-30,0.00020012382440243236,4.687611356552084e-23,0.018947632828471818,3.357390350591371e-06,4.724902068298873e-08,0.0009325826986570945,0.17929373684698618,1.4229986462604082e-08,5.337829304757433e-09,9.713724789414302e-19,,9.713724789414302e-19,8.757728604551636e-11,1.852001097039335e-05,1.343260172067692e-07,3.0987780241669314e-10,0.43588831136693884,2.8015191051203116e-08,1.808239375670925e-12,0.06840504978541105,2.0306570563957888e-13,0.0031290486310195198,5.208980122822655e-06,3.0987780241669314e-10,0.018947632828471818,4.724902068298873e-08,2.372079059952583e-14,0.00012057829902439369,8.757728604551636e-11,3.6136750275008767e-12,3.0987780241669314e-10,1.5625638645648884e-40,0.11209198208137353,1.0002948103355202e-17,1.6379281761787528e-31
painter,4.5008317341854156e-05,1.5733262089216866e-05,0.0012845269670297642,1.037967599059634e-06,2.8395812414746372e-08,3.5052892688307036e-06,3.7368227805310875e-11,2.5277054109583596e-05,1.5733262089216866e-05,1.0155645710622772e-06,6.903576770044557e-10,2.5277054109583596e-05,1.485498248155048e-09,2.433382991206911e-12,1.5733262089216866e-05,1.5733262089216866e-05,0.013894832302661456,0.0027256237183442816,6.139362464328084e-09,3.73361588740165e-20,4.8045520615488873e-14,4.6532680222336224e-08,0.5484221004122298,0.006398221375747347,6.968822989583339e-08,0.4571144102197604,0.005533576670312561,0.2009041748480782,0.9154040266697543,4.5008317341854156e-05,3.9805044217476707e-22,0.0023079991128700642,0.07047836302633595,5.002669609056296e-15,1.037967599059634e-06,,7.16893471711482e-17,3.5052892688307036e-06,0.2867676410831327,9.506832694379555e-08,6.139362464328084e-09,9.506832694379555e-08,0.00025513831139661067,0.013894832302661456,1.499755888198755e-10,0.013894832302661456,3.032672444271788e-16,0.2009041748480782,6.139362464328084e-09,0.831550556382791,2.5277054109583596e-05,1.5733262089216866e-05,0.054810873565194165,0.0018998990916135505,0.16814279439491175,0.013894832302661456,0.001499449424513189,0.4571144102197604,0.01901786083742147
pastor,1.6032039789520841e-12,1.2948200507228809e-09,0.0025925066942679674,0.0006088816307938596,3.467919190230326e-08,2.9658487164309057e-06,1.6032039789520841e-12,3.309551093723627e-05,8.162703937499862e-05,9.51206838074653e-07,1.7579675299570737e-11,0.00027974114909399303,1.9557449744612565e-06,1.7579675299570737e-11,1.6178539414799637e-10,1.2948200507228809e-09,8.162703937499862e-05,0.9205853073977743,6.680622871157856e-15,1.0624461008938246e-18,2.007227337145766e-14,2.4896289747850256e-13,0.0904014013266678,0.0027498759821160037,4.235797818639491e-10,0.0904014013266678,0.0006088816307938596,0.6893860274133405,0.0004429118781250753,0.0025925066942679674,1.3525566827586119e-20,0.03503758501976699,0.8416252602534229,2.9982699036340927e-16,0.0012804215872761842,2.9982699036340927e-16,,6.680622871157856e-15,0.13472042328551304,2.4896289747850256e-13,1.2948200507228809e-09,1.9557449744612565e-06,3.309551093723627e-05,1.6178539414799637e-10,3.141823983629638e-12,8.383113918844004e-06,9.89832002463373e-16,0.012074613925961823,5.6877036597424655e-09,0.07146823654621684,9.256217129787249e-09,0.19547254762484975,0.00012474832945649246,1.9557449744612565e-06,5.42941779036604e-05,8.383113918844004e-06,0.0006240775371695079,0.15943606129077947,0.36984162512761937
physician,7.962869283920343e-06,0.269578505826232,1.0,2.1661974609511018e-11,6.497506140263657e-29,1.4273279294720616e-07,1.7323024980637797e-47,2.395419133958803e-10,3.5027913394377455e-13,1.0,1.078745213450791e-24,8.305372514669651e-17,5.980681713853637e-07,1.7323024980637797e-47,2.1661974609511018e-11,8.158075621013928e-05,4.103036214722504e-09,2.4172904487801204e-16,1.673637042574817e-17,0.4735879141473397,0.03062481308746923,2.7975326047935706e-12,2.051814335974593e-19,1.4414359317964526e-25,5.8613347781025606e-05,2.0562514056981577e-16,1.2077918733202063e-10,6.496852370194392e-22,6.700466407703949e-18,1.4257479141360894e-12,0.09342053528926375,0.00028720008694944833,4.901185935788762e-14,6.0172948395820225e-19,6.282161828107139e-28,1.0700543304061662e-20,4.475432543922472e-30,,9.526853230680822e-07,1.4528114832674782e-25,2.7320164767487944e-25,2.395419133958803e-10,1.002270070248106e-11,1.3076667025547979e-09,7.401261957240034e-10,1.2437765155147484e-08,0.0015852514287037077,1.4257479141360894e-12,0.734353248463417,6.912735684223239e-23,1.4528114832674782e-25,1.2860402381868828e-05,4.9103502731211386e-32,8.554070262885647e-27,8.554070262885647e-27,1.280248877659882e-33,0.011949119819684328,1.2827587427813293e-14,3.311102958365511e-20
pilot,0.0002764975145013183,0.023200990101469855,0.005432321661825194,0.8666653983661035,3.5313102688749446e-22,0.07796935573531105,2.681968414245285e-19,1.0577112573206359e-05,0.8666653983661035,0.23868108473838343,8.923471200212713e-14,0.20864869027014704,0.35684411632912827,2.681968414245285e-19,0.05342177258659145,0.009057495649275535,0.4510459694907549,0.028715224552966944,1.199244662787105e-09,4.6950091420312685e-06,0.0030648321890859665,0.5578306771460073,7.790560651429909e-06,5.454297408497653e-12,0.34514285877682394,7.500262031941496e-05,0.5578306771460073,0.018456765046667156,6.718212798752413e-10,0.9332970876271283,1.8032222032057771e-09,0.6372620450799487,0.043535235069266535,1.6138945157948023e-26,3.348623594903858e-11,2.615385199459883e-30,1.5529704959676592e-27,3.154292004042692e-08,,3.3294133130718086e-32,1.5078146939078779e-12,0.20864869027014704,0.4510459694907549,0.6755428702691197,0.8666653983661035,0.20864869027014704,0.09272078939742931,0.028715224552966944,2.339508125685035e-05,2.1201999401990431e-07,8.2302200590984475e-22,0.011557139357926554,3.3095238589599e-18,5.640936102608575e-21,1.0332958212289147e-15,3.7317250757849765e-13,0.15604183980102526,0.00020964609756687113,3.214404262857016e-07
plumber,2.3113670187924994e-12,1.989009953496291e-05,1.8640914030679837e-07,0.00016600663183063334,3.4103036653726644e-08,7.080475185209462e-05,2.2329913476025818e-11,0.010282911160094655,1.989009953496291e-05,7.407187579133623e-06,2.3113670187924994e-12,4.8805962667960556e-05,2.9266027560404358e-05,1.9815152842844373e-13,7.431233097751649e-06,1.989009953496291e-05,0.0003751749767509061,0.5573597039423965,2.3113670187924994e-12,7.687470723270464e-13,4.119032741566871e-12,5.8832567866219176e-08,0.8900843624677119,1.300686009330598e-06,0.008495197669902357,0.0034464038769291506,7.080475185209462e-05,0.3763611813398705,0.0238152783204622,0.0021883589280167486,1.5448533727214423e-20,0.12689757672295204,0.23952121791176267,1.7328317996557406e-19,0.0010894553241572395,9.767608824332778e-27,2.4325170834703532e-14,2.3113670187924994e-12,0.004234587268073959,,5.868020410730646e-09,4.6782566783213e-06,0.000523657029001542,1.8624183629322678e-10,4.8805962667960556e-05,7.431233097751649e-06,1.8855285027099132e-08,0.11605945901138079,7.431233097751649e-06,0.00011036240654313225,7.197312349084753e-17,0.23952121791176267,2.4325170834703532e-14,1.8855285027099132e-08,3.417227814909647e-07,7.080475185209462e-05,0.00027237468334774203,0.09777829172673022,0.7681981897810182
police officer,0.0006732411534997624,0.015920296208146435,0.009552388099466532,4.5057414837237485e-07,0.0002358545197205231,2.4924267027882936e-05,7.220945337839303e-14,9.99029929733999e-24,1.584367768229342e-07,1.4588161277897966e-05,0.02573867261553816,7.90526922085775e-27,1.8273438043697375e-13,1.0171580030471726e-18,1.0552338684446662e-05,7.656904011029408e-05,4.5057414837237485e-07,3.5990156681073105e-09,0.8586677205383864,1.0,0.005394971831569768,1.6108665421536875e-14,1.3142662872368925e-31,4.285873878408508e-30,7.5906774755981735e-06,2.4384552290005982e-19,3.5990156681073105e-09,1.0402015530394363e-09,4.739211725911179e-11,0.00016323467779754254,0.9003308523672631,7.845381391751348e-15,1.788138019104134e-08,5.983755168964556e-17,2.1710151028299147e-21,4.565476586518678e-19,5.983755168964556e-17,0.005558940800160625,1.7103784288396145e-06,7.1027682360121886e-15,,5.129743653364424e-20,1.7572999531391222e-17,5.39466866025542e-08,7.105108586132629e-13,2.9505356455799546e-10,6.688443064332603e-12,1.0402015530394363e-09,2.9505356455799546e-10,6.727875583920331e-16,7.1027682360121886e-15,2.9505356455799546e-10,3.393752138866335e-13,6.727875583920331e-16,7.1027682360121886e-15,3.7599523437718205e-55,0.0005999711006784127,1.7717877595722826e-22,1.237446132078955e-39
poor person,0.3154511320718761,0.3154511320718761,0.6159682935293365,0.13168250274756488,0.06513526294638204,0.13168250274756488,0.06513526294638204,7.446438728686414e-05,0.13168250274756488,0.5566828391211754,0.04410203073150498,0.003225687187919716,0.07783027151317098,0.09377840526976278,0.09377840526976278,0.09377840526976278,0.40298438425487093,0.029095932291985663,0.18043225491344828,0.1264751506353027,0.012924419018576095,0.6750293456589509,9.390309149375368e-14,7.309448038500575e-12,0.03289341191944424,7.958131393752877e-06,0.04410203073150498,0.18043225491344828,0.7381247021537292,0.04410203073150498,0.29116235098934234,0.47889744009972535,0.6159682935293365,0.7381247021537292,0.5571970955118883,0.3154511320718761,0.6159682935293365,0.3154511320718761,0.18043225491344828,0.7381247021537292,0.04410203073150498,,3.615254778445646e-09,0.0013604381341987156,0.15363522910494548,0.3154511320718761,0.18043225491344828,0.5035683579177517,0.8672475529561211,0.6159682935293365,0.45035977747946926,0.18043225491344828,0.40298438425487093,0.13168250274756488,0.04410203073150498,4.645496150610865e-18,0.4117020106145616,0.5576732678018999,1.564643986472748e-18
poverty stricken person,0.09171388213009786,0.8004313158820044,0.5008261574551071,0.06345746217180545,0.23837712887912071,0.312355375052618,0.12924126471219805,0.034867453095663956,0.5008261574551071,0.07537555325437251,0.23837712887912071,0.0006912816089544507,0.076462271346926,0.01797812123229261,0.042789838380453714,0.673510208643618,0.01797812123229261,0.028107335152398345,0.17766402062457498,0.2880597938339984,0.012335036253311997,0.02265803105524168,2.0817765380863174e-19,3.033083605422409e-11,2.1887854772908566e-06,7.267756596183906e-06,0.09171388213009786,0.23837712887912071,0.736499450601474,0.23837712887912071,0.05692723613650799,0.7237778639947324,0.23837712887912071,0.3999677624371008,0.6136970749979804,0.028107335152398345,0.5008261574551071,0.23837712887912071,0.6136970749979804,0.312355375052618,0.312355375052618,0.312355375052618,,0.12924126471219805,0.15168491755468924,0.3999677624371008,0.09171388213009786,0.3999677624371008,1.0,0.006781065082293397,0.312355375052618,0.6136970749979804,0.6136970749979804,0.8663996821703746,0.5008261574551071,8.257696249853346e-27,0.03206424659995945,0.23506226399845476,4.3809899129289346e-12
professor,1.1837724469942719e-32,1.0,0.006329552342520871,0.004985140550988339,2.1571600669675805e-15,0.004985140550988339,3.342292740622518e-27,0.00018701878184772377,6.808473345039262e-05,0.8686651930814132,3.342292740622518e-27,1.3686310633198642e-07,1.99197179370529e-06,2.4793404353152248e-24,0.5639695419238032,0.006329552342520871,0.020942619892965003,9.193889143182506e-16,7.694609941453573e-19,0.003608197382650942,0.08276398411389398,0.03893831904049713,1.4871918622228586e-09,8.718460364691476e-21,0.10360138271158795,9.142324450873501e-13,0.24939418433966976,9.193889143182506e-16,4.300543979870335e-20,1.2060658313991945e-08,1.145404768268173e-06,5.476298709750787e-07,4.691791440918264e-11,1.4354423060978015e-25,2.4630148313873915e-09,1.0626053964727263e-23,6.321996926478445e-36,2.329782463162731e-20,0.013320094222529864,1.4350610588884725e-34,2.4793404353152248e-24,7.0644503941353946e-09,1.0187433046510051e-05,,0.0006751222631133207,0.13843049112504202,0.11693268857291442,5.55853729666837e-07,0.28374249471501345,1.0626053964727263e-23,1.4354423060978015e-25,3.11689773897614e-06,2.814809356209195e-33,2.3615629112091483e-37,1.4933360603451132e-26,2.9317726824440695e-25,0.06262793626481052,5.476298709750787e-07,5.813320869912323e-13
rich person,0.455320950744471,0.05588273405589036,0.1145203604355679,0.1145203604355679,0.455320950744471,0.0809888397566321,0.05588273405589036,0.012577605580687011,0.28065995333421834,0.0953832633495551,0.455320950744471,0.00046389971709917554,0.030655581703980653,0.8681913699233343,0.015771090971567717,0.28065995333421834,0.1580701674864144,0.4065297156327947,0.0809888397566321,0.046192785233240656,1.848349275415256e-05,0.3191787316370679,7.162660682206386e-13,4.1527521932598436e-14,0.24368699478712913,2.4979470688142327e-08,0.02467003675301157,0.5615240941756878,0.6783970019351206,0.8681913699233343,0.5594371909153355,0.9071087535530001,0.933914577551253,0.933914577551253,0.05588273405589036,0.455320950744471,0.4065297156327947,0.1145203604355679,0.5615240941756878,0.1145203604355679,0.455320950744471,0.019888386792145003,0.007751432274154141,0.1145203604355679,,0.455320950744471,0.007751432274154141,0.933914577551253,6.13361007219818e-05,0.0809888397566321,0.28065995333421834,0.5615240941756878,0.1145203604355679,0.1145203604355679,0.015771090971567717,4.612624709270365e-22,0.16163886083421022,0.16163886083421022,1.9188150356048416e-13
rockstar,5.866333798974882e-23,0.02067042996874551,0.03172916802890824,0.0004943996052711524,7.980135897381042e-12,0.039571967849087036,4.270709405638104e-22,2.121022570670851e-06,0.01688346697197688,0.3629190473284378,2.9282680202846615e-21,0.000195935310017138,0.18694234034026322,2.9282680202846615e-21,0.0007030474506789219,2.121022570670851e-06,0.01061736545056592,1.4848899585333104e-10,1.1612599914268526e-19,6.234489285349251e-05,0.03633889215976624,0.013126998894122003,2.7810166497416547e-13,2.6331310796571635e-15,0.0072987416397507394,2.295596705983208e-12,0.6209666197346413,1.7773404892739932e-14,2.4405919535439812e-23,1.498245128249204e-05,0.0001696273040532525,1.1982620597262688e-05,3.185591899422341e-08,6.039158300723445e-36,9.055330883610347e-11,4.4465478424339814e-26,3.743917764454847e-30,9.78048087883705e-17,0.00013306495069987815,4.3894935838582334e-29,1.0314256054082017e-25,0.002258515765730023,0.0012774144678773603,0.1375412775567505,0.047495438493058664,,0.741679679222133,1.498245128249204e-05,2.3281170869413883e-05,3.743917764454847e-30,4.4465478424339814e-26,4.119300728205203e-09,1.2759104363538963e-34,4.3894935838582334e-29,3.8797664517185535e-25,3.721893810838243e-18,0.0001021450952577879,7.022838765898864e-08,9.78048087883705e-17
rural person,0.6802685962241402,0.409295813102612,0.09855198672403204,0.409295813102612,0.24786279179458756,0.008084141433853187,0.031598194348813946,0.0012184378447964131,0.09855198672403204,0.5623871299199433,0.013065328732160528,4.420747887343269e-06,0.025623772148761693,0.409295813102612,0.04731650282284646,0.8689644946031923,0.5092360812537801,0.3644200168341552,0.7414293784908849,0.003542015135693248,0.00010788326014853237,0.010317504311375628,1.6276492467260888e-11,3.822047784919181e-08,0.0010040480545250433,4.025729739566687e-06,0.13718721457620892,0.409295813102612,0.3220249529278618,0.409295813102612,0.6425946520666088,0.24534335246346958,0.13718721457620892,0.09855198672403204,0.1865350036285101,0.1865350036285101,0.7414293784908849,0.409295813102612,0.1865350036285101,0.02057856311359731,0.008084141433853187,0.0037414395574543063,0.00035535123094368644,0.04731650282284646,0.06912330654468074,0.1865350036285101,,0.6206180643230315,0.008084141433853187,0.13718721457620892,0.5092360812537801,0.1865350036285101,0.6206180643230315,0.24786279179458756,0.06912330654468074,8.654900816820452e-26,0.002296500471159974,0.0004136449187576249,6.925400082076221e-14
scientist,4.415353071434859e-09,0.02379894754725325,0.0151442921641198,0.7387649637826812,1.6750127493870805e-16,0.00447979400455749,1.5955235416452963e-21,0.00021932010714664508,0.5047417100409743,0.5027520750478982,1.1388004454567426e-22,0.00021932010714664508,0.13318861529993353,1.1388004454567426e-22,0.1554669563559355,0.0004248888682542192,0.31695274621830705,2.0590708054691056e-08,1.4658286320129575e-09,7.191358260892148e-07,0.07876633217330484,0.35839230497673347,4.2845377163775463e-07,9.759043194587583e-13,0.025853447209040856,1.011655578010023e-07,0.6168950812805449,2.0590708054691056e-08,2.62754650713594e-13,0.6764714705049075,1.689838895740711e-05,0.006744631758505722,0.000153820107251627,2.867872236789089e-23,8.629716126597741e-16,2.711012470394679e-29,2.346571232500011e-30,8.629716126597741e-16,0.029978118597005252,5.282061925856567e-25,5.6287669421964625e-18,0.35839230497673347,0.1554669563559355,0.0007993545456771285,0.7387649637826812,0.03643734567298358,0.029978118597005252,,1.0,9.859430966470838e-19,1.6911676298308798e-19,0.01224094976133577,2.8588083152258195e-20,1.6189625869208564e-28,9.859430966470838e-19,7.751887833813004e-12,0.006744631758505722,7.850166076494118e-10,2.577240274798162e-07
soldier,0.0008466748233977716,0.8682870667212761,0.04608808412001938,7.109612412858878e-07,5.69104654074822e-16,0.010125033662880511,1.0157310469830213e-24,4.2310713937083835e-13,3.988730932539892e-06,0.03060498948382694,5.69104654074822e-16,5.1274234576223084e-18,7.461162390274417e-08,1.4712689531155255e-27,0.31945616900222484,0.21421999510614081,0.0306455808511198,4.669182893189266e-14,2.886452901271104e-14,0.0009486346229191976,1.0,0.004626777496370468,1.5752838797808181e-12,8.986586662974797e-24,0.2936161644369046,3.847700892631758e-16,0.0306455808511198,4.669182893189266e-14,4.120502923585911e-21,0.0020973451752787564,0.03515752838734893,0.0002587772243403576,1.1782894262823465e-10,7.044371212906899e-23,2.886452901271104e-14,3.8257154866186575e-32,3.427017074824081e-28,5.9671655471758866e-05,2.8631032812152604e-07,5.523446394197604e-22,2.011465895869698e-33,0.0001208169364316135,5.9671655471758866e-05,0.5623280514526898,5.4669895958205525e-12,0.0020973451752787564,0.0008466748233977716,0.6187877472128576,,1.899020722305219e-18,3.8257154866186575e-32,1.0041557131366415e-11,8.605133815119689e-24,7.319134208968203e-31,2.91201046492441e-20,1.86789831437617e-31,0.009808879190166854,1.8825299994801864e-19,1.5451503226961593e-12
sports player,1.1323942792979269e-12,1.1192580126278204e-08,1.1501766400380002e-05,2.756796811788981e-05,9.323645506343105e-10,2.756796811788981e-05,1.1323942792979269e-12,0.0568239740445837,0.3192890867362742,0.0019330182568751415,5.352827225038733e-12,0.9279250048965337,0.12337394552292566,5.352827225038733e-12,4.60849500154255e-07,1.5885856738427568e-07,0.0007722876655997382,0.7178198800527641,2.1536688371667524e-15,9.488682951685433e-19,1.3785846806785212e-06,7.146058541481789e-06,0.04161676016077483,4.12019641749111e-09,0.029477041890345605,0.021469396878857863,8.552316135545604e-05,0.0568239740445837,1.6808284531381446e-05,0.0706916084553196,2.211735028387086e-14,0.5244069885595414,0.9279250048965337,2.273488048557955e-39,2.756796811788981e-05,1.6370165087927744e-42,1.5072410773437844e-27,2.1536688371667524e-15,0.014260565383236789,3.9808953243476256e-18,2.3958668708236865e-14,0.014260565383236789,0.9279250048965337,5.319040903841537e-08,0.0568239740445837,1.5374777322638084e-10,7.146058541481789e-06,0.0706916084553196,1.5885856738427568e-07,,6.709490010835963e-31,0.20608406120290107,2.4205394429671327e-21,1.432620791282806e-14,5.636373700323507e-09,4.634883580355738e-06,2.3242844537455264e-06,0.07556899648645374,0.006407447738850085
teacher,1.3137870146408372e-12,1.2010624260173952e-06,3.524238190734881e-05,0.039752398014080814,2.212890111151808e-08,0.0032251787688541006,1.3150924075948103e-11,0.07886374628969732,0.006061644952863241,2.1355074551839324e-08,7.35513118779794e-15,0.014251883316268192,8.323000288359117e-05,7.35513118779794e-15,3.9326302025258476e-07,7.814725512864361e-08,1.3679686617301348e-05,0.770317366670371,1.0990321820376601e-13,2.786807747610136e-18,1.8273721149434284e-10,8.914628447900356e-10,0.27170765388672247,4.748257591880361e-05,2.387984748405691e-05,0.09786654580847154,0.0002708352451513058,0.32879334727273235,0.1715528918675182,7.814725512864361e-08,3.759521377559567e-22,1.0,0.11819278692400052,2.6413508570675746e-20,1.2010624260173952e-06,5.215008308695045e-31,1.2413208300578733e-19,1.3137870146408372e-12,0.6264361272570067,8.914628447900356e-10,3.6124010119414605e-09,1.3661579169168408e-08,0.0008195311361816693,1.3679686617301348e-05,8.642478729817317e-06,0.00011951563809269074,5.763364782787242e-13,0.770317366670371,1.3137870146408372e-12,0.5579884314301308,,0.039752398014080814,1.2725290840355224e-07,2.3187771837483262e-10,1.8919236721970893e-06,0.0005915200643929441,7.017414277321336e-06,1.0,0.6961475047342653
tennis player,3.887664850517835e-10,0.0009963634738672492,0.6143432616965521,0.2758292951466757,1.6643384057348196e-08,0.0925195294857799,3.941691334198947e-13,0.0031914194181034802,0.7369524957582587,0.0006965808169877104,3.3714343850144716e-11,0.014803572148323372,0.2085822629291192,2.093006515888176e-14,0.0005331045608504171,0.0002770137499960683,0.17862762771575152,0.0003879996625442641,3.231433639894164e-18,7.919939568849385e-09,0.024338861664601853,0.15408792724381687,5.898897738195552e-10,2.2964705479980454e-14,0.23796387007615177,2.258462203412897e-06,0.005472909418796756,6.727649004822461e-06,6.767049742125499e-13,0.8666331011370452,1.3396827729570098e-06,0.004218139126152962,0.0007305268103826957,1.3592430469022226e-27,1.2491808368360714e-07,3.5543940822327065e-45,7.202823921359499e-27,8.232343738090675e-07,0.0285751321115362,4.805200946291548e-25,1.8658465048049712e-17,0.2393695032571253,0.5016284543757938,0.009126208366049661,0.8014870338971045,0.0009963634738672492,0.0782630775629144,0.06415395758595673,5.792967962244493e-09,2.0415111307771287e-10,1.3442635107629892e-28,,7.202823921359499e-27,7.6072438466885405e-22,6.329793206903003e-11,4.593982327968396e-15,0.1563205974301321,0.00021329149565545678,1.2491808368360714e-07
thug,2.1715967330934915e-16,3.6222644178465437e-09,2.6245365629054887e-07,0.0012283786379955674,1.333591786643248e-11,3.493095367699713e-05,5.331822376240656e-10,0.0016783719897872072,7.770846847021565e-08,3.5432578313093827e-09,1.0942451641686424e-13,0.040023324730209926,1.345935855342776e-07,5.331822376240656e-10,7.156620627249799e-11,1.3134782568386196e-12,1.198319262144118e-06,0.17277579145055305,1.0942451641686424e-13,1.926155463294298e-16,9.018081091418044e-12,9.41843327563563e-10,0.27184571119992074,6.881958949757476e-06,0.027096432688070965,6.881958949757476e-06,7.770846847021565e-08,0.24247171872625178,0.6967553514532242,0.0005889283837897735,4.689143333701593e-21,0.2178005807772654,0.05150387337652621,5.117476453114327e-30,0.0002719962161768473,4.309652970713331e-42,1.4665959314874505e-27,6.566338077466019e-18,0.6967553514532242,7.602733646308347e-12,7.770846847021565e-08,0.00012140606735902019,0.00012140606735902019,5.331822376240656e-10,0.00012140606735902019,3.6222644178465437e-09,2.385115238738769e-13,0.6263059733853138,2.6245365629054887e-07,0.004584223702260722,1.6111300161162577e-19,0.09677121995159596,,7.404329916353608e-07,7.404329916353608e-07,0.0005889283837897735,6.881958949757476e-06,0.5836870459166742,0.3299807445203906
trash collector,7.819218476106037e-16,7.199321802086393e-08,3.57478351416369e-07,0.001028539759818127,1.2283451825553195e-10,7.199321802086393e-08,1.6855422647070724e-12,0.1499193964633304,0.00022857302077134516,1.0811313972940405e-07,2.126714536300783e-14,0.03394928794179894,1.7102466118926748e-06,1.6855422647070724e-12,1.5229752356991097e-11,1.6855422647070724e-12,0.0004938514853722541,0.03394928794179894,1.609426185984497e-13,2.3755058757908083e-17,4.991638288511976e-14,1.3313940366613854e-08,0.17715952962582665,1.87485299637215e-05,0.014039585005613671,0.10436560911339593,3.555426557215516e-09,0.020661291024267135,1.8795897465631117e-05,0.0004938514853722541,3.0053828767434002e-18,0.22255037154196067,0.7010345032433756,4.711188604988607e-23,1.1807070073074619e-05,1.830403043941874e-34,2.463210063308266e-22,2.126714536300783e-14,0.564584308329168,1.24379310234754e-17,1.2283451825553195e-10,0.0038392774231958363,0.00010226628644588407,1.609426185984497e-13,0.00034016395485000304,1.0605145044289234e-06,2.398127274216099e-10,0.005090490206868867,1.6855422647070724e-12,7.797669838852642e-06,1.2267440100130887e-14,0.44228058369209255,1.3876841070835264e-19,,7.797669838852642e-06,7.269518049091993e-05,0.00011164236815645889,1.0,1.0
umpire,2.668136430841105e-16,8.539090871786821e-06,8.539090871786821e-06,0.033990007936615246,2.9851137360136503e-10,0.0016720963150476174,8.685009600411138e-19,1.0,0.021100956618543217,0.0001992664166113115,6.290714571948515e-09,0.19782347921231203,0.00031775739598560585,2.3375441329626525e-13,3.160421761047297e-08,2.0229811022690075e-12,0.0031403583065594924,0.001220361971582782,2.668136430841105e-16,5.7380576174111045e-21,8.225180956804813e-11,0.2697250607212125,0.0004120286187920409,1.6342520503037738e-07,0.03887027123507185,0.09150426983750645,1.2286556102335692e-06,1.9648240675377674e-05,1.5798350200163468e-07,0.11791537747767002,3.703134966906223e-17,1.0,0.09774325930116899,5.314135166514375e-35,3.2943387997172707e-06,6.74492892914524e-37,1.4321423610244173e-20,1.7077410526049487e-17,0.9269777990317205,1.7087783161869783e-15,2.0229811022690075e-12,0.19782347921231203,0.016847389925688832,6.290714571948515e-09,0.09774325930116899,1.2286556102335692e-06,4.956276364919344e-06,0.16800271482541468,9.957007969095498e-08,1.5798350200163468e-07,5.6528858724385215e-16,0.14105914835490493,1.7087783161869783e-15,5.6528858724385215e-16,,6.646669266146987e-05,4.0635839933333124e-05,0.1540103861839365,0.0031403583065594924
urban person,1.0,0.8177068469336863,0.16451827549943232,0.027710234912406814,0.9078762656035755,0.48867119894525757,0.3553597589914068,1.0,0.2473607960717491,0.2470688232424323,0.014660918296458183,0.0016282994285070234,0.5628325556761138,0.48867119894525757,0.027710234912406814,0.728466611025024,0.13284018903551748,1.0,0.027710234912406814,1.0,0.10300162310193278,0.08321147061909998,5.5433325226050047e-11,1.9179731737858878e-14,5.574991365660753e-05,0.003056510148596119,0.41787753049235854,1.0,0.16451827549943232,0.3553597589914068,0.19496135207145343,0.6245689504508236,0.9078762656035755,0.9078762656035755,0.6446328699990345,0.16451827549943232,0.014660918296458183,1.0,0.6446328699990345,0.10440867937973444,0.027710234912406814,0.0016282994285070234,0.29765421152785543,0.2473607960717491,0.29765421152785543,0.9078762656035755,0.014660918296458183,0.728466611025024,0.16451827549943232,0.6446328699990345,0.3553597589914068,0.2473607960717491,0.3553597589914068,0.2473607960717491,0.8177068469336863,,0.7460062128107003,0.14061826079202808,2.4310621022102063e-12
waiter,1.3709443692420738e-16,0.004288032763046316,3.987131516774317e-08,0.6369489417609524,3.6419112145964434e-13,1.0,1.1097423414005012e-22,0.29031840792876445,0.0005397008720335656,0.04533605191141454,1.1093651480102087e-10,0.07776099228240925,0.7246052091780282,2.2930652513100465e-21,0.4788267307737383,0.7246052091780282,0.34481470502304923,2.534288962660489e-05,2.574509350714788e-12,0.02502393015169944,,0.34481470502304923,1.1093651480102087e-10,,0.017586308886337176,,0.002999099123874657,6.636173063083935e-10,6.636173063083935e-10,7.510155745919363e-05,0.15592805986626224,,5.5437406080917787e-11,2.4781302552928447e-15,9.006983345910733e-09,7.79121083947431e-13,6.961892670526388e-12,1.916369824893928e-09,0.09756701018626598,6.961892670526388e-12,7.749885426974326e-16,0.032812665508985275,0.29031840792876445,0.8134817179510572,0.29031840792876445,0.006448120049496407,0.02502393015169944,0.006448120049496407,6.455512686236063e-07,6.961892670526388e-12,3.8794983757063844e-14,0.09756701018626598,3.8794983757063844e-14,6.961892670526388e-12,5.5437406080917787e-11,7.989121387648975e-14,,,1.916369824893928e-09
waitress,0.06548691162776024,0.06548691162776024,0.18982759533868682,0.6013527055623944,0.06548691162776024,0.18982759533868682,0.6013527055623944,0.000320976910934201,0.6013527055623944,0.06484146641635041,0.026112287573655583,8.327780371827254e-09,0.0015358782135286076,0.43278396642189143,0.11502548083503666,0.18982759533868682,0.43278396642189143,0.18982759533868682,0.7940359737183973,,0.18982759533868682,0.017526699265945155,,1.40159169521604e-19,,5.721506091191962e-17,0.29498098640906556,0.026112287573655583,0.69450301473252,0.026112287573655583,,0.1497927011808928,0.11502548083503666,0.005564700641422348,0.06548691162776024,0.01251040093072422,0.01251040093072422,0.11502548083503666,0.18982759533868682,0.01251040093072422,0.01251040093072422,1.1852500225389821e-07,1.3282578585355858e-06,0.43278396642189143,0.00011065780680804921,0.11502548083503666,1.0,0.00019452967250174427,9.80424619846009e-06,0.18982759533868682,0.43278396642189143,0.18982759533868682,0.18982759533868682,0.6013527055623944,0.18982759533868682,9.409045933021707e-21,,,0.000320976910934201
wealthy person,0.5034587539315027,0.2926085865772753,0.021544557082138913,0.8482606909543888,0.7744420240247107,0.5659402615132605,0.0683817476366031,0.2509356308625226,0.0683817476366031,0.9237384016462655,1.0,0.002912495071373711,0.0852174384598743,0.2133095208306955,0.03545290598286928,0.2926085865772753,0.0683817476366031,0.021544557082138913,0.10318949411686053,0.5907924432955589,0.00036943176907016197,1.0,5.4016179058773464e-18,6.370893660216807e-10,0.0016731392347706952,1.0929269422545887e-06,0.8482606909543888,0.3894554007520674,1.0,0.5034587539315027,0.1771185970170013,0.4194440876680237,0.2133095208306955,0.15074299751528752,0.15074299751528752,0.7019542452325755,1.0,0.8482606909543888,0.2926085865772753,0.3894554007520674,0.03545290598286928,0.9239085522319543,0.02720354203010416,0.6328420878633894,0.5659402615132605,0.021544557082138913,0.0683817476366031,0.5034587539315027,0.4440303714490293,0.15074299751528752,1.0,0.2133095208306955,0.5659402615132605,0.9239085522319543,0.03545290598286928,1.2038283274851694e-22,1.0,9.1537738486838e-08,
